No,Keyword,Volume,CPC,Paid Difficulty,SEO Difficulty
1,indian catering near me,2400,2.13,35,13
2,indian chaat near me,3600,0.43,21,47
3,cham cham,1900,0,1,43
4,dahi bhalla,3600,0.54,1,51
5,indian snack catering,20,0,33,11
6,indian snack shop,50,0.25,8,47
7,pani puri,90500,0.14,16,39
8,indian sweets near me,18100,0.44,36,19
9,indian mithai near me,210,0.5,52,29
10,indian sweets and snacks,260,0.82,18,25
11,chomchom,6600,0.55,100,47
12,mithai near me,1300,0.39,28,28
13,indian sweets shop,8100,0.21,6,25
14,burfi,2400,0.12,7,37
15,burfi near me,50,0.83,19,24
16,indian sweet gift box,110,0.86,100,16
17,mithai shop,880,0,1,39
18,indian snacks,9900,0.55,74,32
19,dahi puri,6600,0.57,1,46
20,indian sweets and snacks online,30,0.695,100,29
21,indian snacks near me,6600,0.44,37,25
22,gobi paratha,1600,0.06,1,34
23,indian sweet shop near me,8100,0.36,18,17
24,indian sweets iselin nj,10,0,14,32
25,indian sweets near,70,0.67,70,29
26,indian party catering,50,0,5,12
27,sandesh sweet near me,20,0,24,20
28,bengali sweets iselin nj,10,0,1,22
29,indian sweets catering,30,0,9,33
30,bengali sweets near me,720,0.41,25,27
31,indian savories,40,0,20,31
32,motichur ladoo,70,0,41,34
33,vegetarian indian catering,50,0,17,8
34,bulk indian snacks,10,0,83,19
35,laddu near me,170,0.41,50,21
36,kaju katli near me,390,0.83,72,21
37,mithai box,480,0.54,100,12
38,sev indian snack,140,0.22,81,44
39,diwali sweets online order,30,0,1,21
40,chole bhatura near me,5400,1.57,31,22
41,chaat shop near me,110,0.41,21,27
42,barfi,9900,0.49,2,70
43,assorted indian sweets,30,0.22,80,17
44,chole bhatura,18100,2.21,3,38
45,kalakand near me,90,0.98,68,21
46,bulk mithai order,10,0,1,19
47,aloo tikki chaat near me,170,0.45,34,23
48,chum chum sweet,720,0.31,6,45
49,indian catering edison nj,30,2.55,37,41
50,aloo tikki chaat,6600,0,1,36
51,ladoo,5400,0.41,19,43
52,jalebi,27100,1.39,3,33
53,indian sweets order online,210,1.39,100,25
54,indian snack shop near me,90,0.56,25,30
55,bulk samosa order,10,0,100,14
56,fresh indian sweets,40,0,34,17
57,indian chaat catering,10,0,26,9
58,pakora,27100,1.27,1,40
59,kandahar restaurant & lovely sweets,2900,0.26,3,30
60,samosa near me,18100,0.46,40,28
61,chaat,60500,2.4,2,46
62,namak para,880,0.07,39,30
63,indian sweets,18100,0.43,59,33
64,chum chum,9900,0.01,1,31
65,indian street food,49500,0.67,2,46
66,kachori,6600,0.02,1,46
67,indian sweets edison nj,110,0.28,31,26
68,indian sweet store,8100,0.21,6,15
69,papri chaat,2400,0,2,24
70,indian sweet house,480,0,3,31
71,online sweets delivery to usa,20,0.27,100,28
72,dhokla,9900,0.1,1,38
73,mithai gift box,40,0.81,100,12
74,diwali sweets near me,260,0,56,28
75,north indian snack,110,0,7,32
76,dhokla near me,720,0.42,28,21
77,bengali mithai near me,20,0,35,27
78,north indian sweets,210,0,12,26
79,bengali sweet shop,3600,0.51,3,30
80,diwali sweets order online,30,0,1,16
81,rasgulla near me,320,0.29,35,22
82,bulk indian sweets,170,0.4,100,32
83,samosa,165000,0.26,3,70
84,indian barfi,320,0.1,26,42
85,bengali sweets shop,3600,0.51,3,22
86,indian desserts,12100,0.4,22,36
87,papri chaat near me,880,0.89,28,38
88,indian desserts near me,2400,0.28,28,38
89,mithai,4400,0.34,14,14
90,mithai sweet shop,30,0,3,24
91,chaat edison nj,20,0,24,22
92,fresh jalebi near me,260,0.55,23,27
93,indian gift basket,260,1.11,100,15
94,indian catering for weddings,40,0.08,23,10
95,kachori chaat,1000,0,1,20
96,indian snacks online usa,50,1.52,100,48
97,samosa chaat near me,2400,0.47,26,15
98,indian ladoo,140,0.01,40,38
99,mithai shop near me,590,1.01,17,29
100,desi sweets,320,0.38,5,28
101,indian chaat,9900,0.86,6,40
102,indian sweets new jersey,140,0.47,21,35
103,bengali sweets,2900,0.24,11,22
104,samosa bulk order,10,0,76,8
105,bengali sweet shop near me,70,0.23,8,21
106,mathi,1000,0,2,12
107,indian jalebi,1000,0.02,4,55
108,indian sweets in edison nj,110,0.28,31,26
109,indian snacks edison nj,10,0,7,39
110,indian catering,1300,2.89,17,12
111,diwali sweets,2900,0.08,30,42
112,indian burfi,320,0.1,26,46
113,ladoo near me,260,0.57,59,23
114,indian snacks delivery,170,1.78,46,37
115,best indian sweets in new jersey,50,0,34,47
116,samosa catering,140,9.04,26,8
117,namak para near me,20,0.24,80,11
118,north indian sweets near me,30,0,45,23
119,indian sweets edison,30,0.62,5,27
120,indian sweets usa delivery,70,1.74,100,23
121,indian sweets bulk order,10,0,100,19
122,best indian sweets near me,320,0.26,32,19
123,chaat near me,14800,1.705,11,41
124,bengali mithai,110,0,1,39
125,indian sweets gift box,140,0.41,80,12
126,indian savory snacks,390,0.23,28,47
127,barfi near me,110,0.55,16,23
128,indian street food near me,6600,0.38,28,68
129,pani puri near me,18100,0.44,27,26
130,indian sweet shop,8100,0.27,7,23
131,takeout indian food,880,1.06,26,36
132,aloo paratha,14800,0.97,2,46
133,samosa chaat,27100,0.43,2,19
134,jalebi near me,2900,0.37,25,27
135,assorted sweets box,30,0.24,100,10
136,kaju katli,12100,1.65,28,38